[
  {
    "command": ["yarn", "--cwd", "expo47", "start"],
    "title": "http://localhost:8081 - expo dev server",
    "status": {
      "Metro waiting on": null
    },
    "defaultStatus": ["⏳", "S"]
  },
  {
    "command": ["yarn", "--cwd", "www", "start"],
    "title": "http://localhost:3000  - web server, https://freecbt.erosson.org",
    "status": {
      "Serving!": null
    },
    "defaultStatus": ["⏳", "S"]
  },
  {
    "command": ["yarn", "--cwd", "expo47", "test", "--watch"],
    "title": "tests",
    "status": {
      " RUNS  src/": ["⏳", "S"],
      "No tests found related to files changed since last commit.": null,
      "Tests: +\\d failed,": ["🚨", "E"],
      "Tests: +\\d passed,": null
    },
    "defaultStatus": ["⏳", "S"]
  }
]