{
  "onboarding_screen": {
    "readme": "Първо трябва да прочетете това.",
    "header": "FreeCBT Инструктаж",
    "block1": {
      "header": "FreeCBT е нещо, което трябва да практикирате",
      "body": "Коства усилия, но чрез ученето на FreeCBT ще се чувствате много по-добре."
    },
    "block2": {
      "header": "Използвай FreeCBT в момента.",
      "body": "Когато се чувствате напрегнати, ядосани или депресиране, използвайте FreeCBT."
    },
    "auto_thought_ex": "Пропуснах партито на Георги, той най-вероятно ме мрази.",
    "challenge_ex": "Георги знае, че не мога да го направя всеки път, не бих го мразил, ако беше не беше изгубил нещо мое.\n\nТрябва да се грижа за себе си поне толкова добре, колкото се грижа за другите.",
    "alt_thought_ex": "Истина е, че ми липсва партито на Георги, мога да му се извиня и най-вероятно ще ми прости.",
    "cog_distortion": {
      "label": "Четене на мислите",
      "slug": "mind-reading"
    },
    "intro": {
      "line1": "Добре дошли към",
      "emphasis1": "FreeCBT",
      "line2": ", платформата за",
      "emphasis2": "Когнитивно-Поведенческата Терапия (КПТ)",
      "line3": ""
    },
    "crash_course": {
      "line1": "Това е",
      "emphasis1": "урок",
      "line2": "в когнитивно-поведенческата терапия и",
      "emphasis2": "не е алтернатива",
      "line3": "за трениран терапефт."
    },
    "mood_thoughts": {
      "line1": "Първо:",
      "emphasis1": "Вашите мисли правят Вашите настроения."
    },
    "thoughts_arent_thoughts": {
      "line1": "Второ: Вашите мисли могат да бъдат",
      "emphasis1": "автоматични."
    },
    "your_distorted": {
      "line1": "Трето: автоматичните мисли са често",
      "emphasis1": "завъртяни."
    },
    "cbt_overview": {
      "line1": "Целта на когнитивно-поведенческата терапия е да осъзнаете",
      "emphasis1": "завъртяните Ви мисли",
      "line2": "и",
      "emphasis2": "да ги замените",
      "line3": "с рационални такива."
    },
    "ready": {
      "emphasis1": "Готови?",
      "line1": "Нека да преминем през стъпките."
    },
    "catch": {
      "line1": "Ще започнем просто чрез",
      "emphasis1": "записването",
      "line2": "на автоматичните мисли, когато те се получават."
    },
    "bad_thought_note": {
      "line1": "Запиши мисълта:",
      "line2": "Пропуснах партито на Георги, той най-вероятно ме мрази."
    },
    "identify_distortions": {
      "line1": "Гледайте за",
      "emphasis1": "Когнитивни Завъртяности"
    },
    "bad_distortions": {
      "line1": "Дали наистина знаем, че Георги би ни мразил? Ако не, ние",
      "emphasis1": "🧠 Четем Мислите",
      "line2": "Пропуснах партито на Георги, той най-вероятно ме мрази."
    },
    "challenge_screen": {
      "line1": "Защо тази мисъл, не е реалистична?",
      "emphasis1": "Оспори я."
    },
    "write_challenge": {
      "line1": "Ще напишем нещо, като:"
    },
    "alt_thought": {
      "line1": "Най-сетне, ще напишем",
      "emphasis1": "алтернативна мистъл."
    },
    "show_off": {
      "line1": "Намери я по-късно:"
    },
    "got_it": {
      "line1": "Готови сме да тръгваме!",
      "btn_title": "Нека да тръгнем!"
    },
    "reminders": {
      "header": "Преди да свършиш, можем да ти изпращаме нотификаций, ако жлаеш.",
      "disabled": "Можеш да контролираш нотификацийте в менюто с настройките.",
      "button": {
        "yes": "Да, моля!",
        "no": "Продължи без нотификаций",
        "continue": "Продължи"
      }
    }
  },
  "auto_thought": "Автоматична Мисъл",
  "cog_distortion": "Избери някои от извратените мисли, които се прилагат.",
  "challenge": "Оспори мисълта.",
  "alt_thought": "Напиши алтернативна мисъл.",
  "alt_thought_description": "Това не е предизвикателство, а начин, чрез който за затвърдите една алтернативна мисъл.",
  "cbt_list": {
    "header": ".FreeCBT",
    "today": "Днес",
    "empty": "Няма мисли все още!"
  },
  "settings": {
    "header": "FreeCBT*",
    "reminders": {
      "header": "*нотификаций",
      "description": "Ако желаете, може да включите припомящите нотификации, които ще ви помогнат да създадете навика да си оспорвате Вашите мисли.",
      "button": {
        "yes": "Моля подсещайте ме",
        "no": "Без подсещания моля"
      }
    },
    "pincode": {
      "header": "*пинкод заключване 🔒",
      "description": "Може да заключвате програмата с пинкод, ако желаете. Предупреждение, че единствения начин да занулите забравен код е чрез истриването на всичките Ви данни, така че бъдете внимателни да не забравите кода,",
      "button": {
        "update": "Актуализирайте Пинкод",
        "clear": "Изчистете Пинкод",
        "set": "Задайте Пинкод"
      }
    },
    "history": {
      "header": "*бутони с историята",
      "description": "По предназначение, ние задаваме бутоните в екрана за история да използват Алтернативна Мисъл. Това подпомага да се затвърди мисълта като \"променена.\"",
      "button": {
        "alternative": "Алтернативна Мисъл",
        "automatic": "Автоматична Мисъл"
      }
    },
    "backup": {
      "header": "*резервно копие",
      "button": "Направете си резервно копие на FreeCBT данните",
      "export-button": "Експорт на Вашите FreeCBT данни"
    },
    "locale": {
      "header": "*език",
      "default": "Системен",
      "contribute": "Помогнете с превода на FreeCBT",
      "// list": "translator note: use each language's native translation here; don't translate this list in other file. initial list based on https://en.wikipedia.org/wiki/List_of_ISO_639-1_codes",
      "list": {
        "bg": "Българский",
        "de": "Deutsch",
        "en": "English",
        "es": "Español",
        "fi": "Suomi",
        "fr": "Français",
        "hi": "हिंदी",
        "it": "Italiano",
        "ko": "한국어",
        "nb": "Norsk Bokmål",
        "nl": "Nederlands",
        "pl": "język polski",
        "pt-BR": "Português do Brasil",
        "pt-PT": "Português",
        "ro": "Română",
        "ru": "русский",
        "sv": "Svenska",
        "zh-Hans": "中文",
        "fa": "فارسی",
        "_test": ")tset( hsilgnE-esreveR"
      }
    },
    "privacy": "Политика за управлението на личните данни",
    "terms": "Условия за ползване"
  },
  "cbt_form": {
    "header": "FreeCBT",
    "edit": "Редактирай",
    "new": "Ново",
    "save": "Запази",
    "submit": "Запази & Свърши",
    "auto_thought_placeholder": "Пример: 'Самолетът може да катастрофира'",
    "cog_distortion": "Когнитивни Завъртяности",
    "challenged": "Предизвикателство",
    "changed_placeholder": "Може да не е истина, че...",
    "alt_thought_placeholder": "Какво можем да мислим вместо това?",
    "show_details": "Покажи детайлни описания"
  },
  "explanation_screen": {
    "header": "FreeCBT.",
    "intro": "Въведение"
  },
  "finished_screen": {
    "header": "FreeCBT"
  },
  "all_or_nothing_thinking": "Всичко или Нищо начин на Мислене",
  "all_or_nothing_thinking_explanation": "Този избор става, когато нямаме (или имаме малко) пространство за средно положение. Ако мислим, че малка вина в себе си означава, че сме фундаментално зле, то тогава сме съпричастни към този начин на мислене.",
  "all_or_nothing_thinking_thought": "Прецаках интервюто, това означава че съм нежелан за каквато и да е работа.",
  "catastrophizing": "Катастрофиране",
  "catastrophizing_explanation": "Ако взимаме малък проблем и го увеличаваме извът нормални пропорционалности, то ние катастрофираме. Правил ли си малка грешка в работа и си се притеснявал за това, дали някой ще я открие, нищо че не е нищо сериозно? Най-вероятно катастрофираш.",
  "catastrophizing_thought": "Чувствам се притеснен, може да имам сърдечен удар.",
  "emotional_reasoning": "Емоционално Обоснование",
  "emotional_reasoning_explanation_1": "\"Чувствам го, следователно трябва да е истина\" Ако намираш себе си в това Обосноваване на \"опасностите\" от нещо безобидно, само защото си оплашен от него, то най-вероятно участваш в емоционалното обосноваване. Нещата не са опасни, защото сме оплашени от тях и не сме отвратителни, защото бихме мислили, че сме.",
  "emotional_reasoning_explanation_2": "Това често е трудно за осъзнаване. Отнема усилия да осъзнаеш кога твоето емоционално мислене взема контрол над логичното такова.",
  "emotional_reasoning_thought": "Чувствам се виновен, следователно трябва да съм направил нещо лошо.",
  "fortune_telling": "Гадаене",
  "fortune_telling_explanation": "Това отклонение се случва, когато ние гадаем. Често преоценяваме нашите способности да предскажем какво ще стане. Много от случайте се притезняваме за нещо, което може да стане и накрая започваме да следим за доказателства, че то ще стане.",
  "fortune_telling_thought": "Самолета, на който ще се кача ще катастрофира.",
  "labeling": "Етикетиране",
  "labeling_explanation": "Ако всимаме един от характерита на един човек и го приложъм към цялата му личност, ние то етикетираме. Ако някой ни отблъсне, той може да бъде \"гадняр,\" или просто може да бърза. Това се прилага и към нас самите също. Само защото правим грешки не означава, че сме \"загубеняци.\"",
  "labeling_thought": "Не минах теста, следователно сум лош студент.",
  "magnification_of_the_negative": "Увеличаване на Негативното",
  "magnification_of_the_negative_explanation": "Ако оценяваш дадена ситуация изцяло базирайки се на негативните части и не преосмисляш позитивните такива, то е много вероятно да увеличаваш негативното. Ако постоянно се самокритикуваш, защото си се справил зле на интервю за работа, то най-вероятно филтрираш всичките преживявания, които изкара от това интервю.",
  "magnification_of_the_negative_thought": "Ядох здравословно тази седмица, но изпуснах бягането ми.",
  "mind_reading": "Четене на Мисли",
  "mind_reading_explanation": "Ако сме притеснени за това какво другите мислят за нас, ние се опитваме да четем мисли. Освен ако някой не ти каже какво той мисли, нямаш никакъв начин да знаеш какво мисли. Тогава защо приемаш най-лошото?",
  "mind_reading_thought": "Мисля, че бях лош към Георги. Обеден съм, че той ме мрази.",
  "minimization_of_the_positive": "Минимализация на Позитивното",
  "minimization_of_the_positive_explanation": "Ако подценяваме добрите неща, които се случват на нас, тогава ние минимизираме позитивното. Дори ако нашия ден не е протекъл на 100% по план, това не означава, че 60-те процента, които протекоха както тряба трябва да бъдат игнорирани.",
  "minimization_of_the_positive_thought": "Много хора харесака моята презентация, но запецнах в началото, следователно беше зле.",
  "other_blaming": "Обвиняване на Другите",
  "other_blaming_explanation_1": "Ако една лоша ситуация трябва да бъде поради някого другиго, то тогава обвиняваме другите. Ако си се провалил на тест и обвиняваш учителя, пренасочваш своята енергия в грешното място. Някой те пресече на булеварда? Ако пускаш клаксона и се загрубееш, как това би помогнало? Сега си пресечен и ядосан!",
  "other_blaming_explanation_2": "Това не означава, че трябва да обвиняваш себе си за всяка негативна ситуация. Не трябва да обвиняваш никого. Никой не трябва да е виновен ако оствавиш ситуацията да отмине без да прикачиш вината на някого.",
  "other_blaming_thought": "Този гадняр се бави прекалено много на опашката и ще закъснея!",
  "over_generalization": "Прекалено Обобщаване",
  "over_generalization_explanation": "Ако правим заключения, базирайки се само от един пример, ние обобщаваме прекалено много. Ако си се прецакал на презентацията си, това означава. че ти си \"лощ\" на презентирания, обобщаваш прекалено много.",
  "over_generalization_thought": "Никой не ме пита да танцувам, следователно няма и да ме питат.",
  "self_blaming": "Самообвиняване",
  "self_blaming_explanation": "Ако съчетаваш негативна ситуация изцяло на себе си, ти се самообвиняваш. Не е нужно да си отговорен за всички лоши неща, които се случват. Ако попаднеш на трафик и се обвиняваш, че не си си тръгнал по-рано, ти се самообвиняваш. Би ли се държал към някой друг по този начин?",
  "self_blaming_thought": "Синът ми се проваля в училище, аз съм причината за това.",
  "should_statements": "Трябва Твърдения",
  "should_statements_explanation_1": "Ако оценяваш уменията, които някой няма, то тогава използваш дефектни \"трябва\" твърдения. Например, ако имаш страх от летенето и си казваш: \"Не трябва да съм оплашен от това, няма нищо грешно нри самолетите!\" ти си слагаш цялата тежест на себе си. Имаш страх от летене! Нормално е хората, които имат страх от летене да се страхуват от летенето!",
  "should_statements_explanation_2": "Трябва твърденията могат да изглеждат нелогични, когато ги кажеш на глас. Това е целта! Те са нелогични!",
  "should_statements_thought": "Аз съм възрастен, не трябва да имам тези психични проблеми.",
  "accessibility": {
    "help_button": "помош",
    "list_button": "изреди мислите",
    "new_thought_button": "нова мисъл",
    "settings_button": "настройки",
    "delete_thought_button": "изтрий мисълта",
    "close_button": "затвори"
  },
  "payment": {
    "ios_explanation": "Поръчката ще бъде заплатена от Вашия Apple ID акаунт в момента на потвърждаването на поръчката. Абонамента автоматично се подновява, освен ако не е отменен поне 24 часа преди края на сегашния период. Вашият акаунт ще бъде таксуван за обновяване в рамките на 24 часа преди края на сегашния период. Можете да управлявате и отложите Вашите абонаменти като отидете във настройките на Вашия App Store акаунт след поръчка."
  },
  "reminder_notification": {
    "1": {
      "title": "Ако нещо се е случвало, заснеми го.",
      "body": "Не позволявай мислите ти да стоят, отгработи ги възможно най-скоро."
    },
    "2": {
      "title": "Ако имаш проблеми, FreeCBT може да помогне.",
      "body": "Отдели малко време сега и предизвикай мислите си."
    },
    "intro": {
      "title": "Ако имаш проблеми, FreeCBT може да помогне.",
      "body": "Ще получиш нотификация като тази един път на ден"
    }
  },
  "all_or_nothing_thinking_one_liner": "Например: \"Това беше голяма загуба на време\"",
  "overgeneralization_one_liner": "Например: \"Всеки ще ме изостави\"",
  "mind_reading_one_liner": "Например: \"Обеден съм, че ме мрази сега\"",
  "fortune_telling_one_liner": "Например: \"Ще се разболея на партито\"",
  "magnification_of_the_negative_one_liner": "Фокусиране само към нещата, който не се получиха както трябва",
  "minimization_of_the_positive_one_liner": "Игнорирайки добрите неща, които станаха",
  "catastrophizing_one_liner": "Фокусирайки се към най-лошия сценарий",
  "emotional_reasoning_one_liner": "Например: \"Оплашен съм, следователно ще получа паник атака\"",
  "should_statements_one_liner": "Например: \"Трябваше да съм по-добре\"",
  "labeling_one_liner": "Например: \"Той е гадняр\"",
  "self_blaming_one_liner": "Взимайки цялата вина към себе си",
  "other_blaming_one_liner": "Предавайки цялата вина към някого другиго",
  "backup_screen": {
    "header": "FreeCBT<-",
    "export": {
      "description": "За да си направите резервно копие на данните в FreeCBT, \"сподели\" ги на безопазно и частно място, като например чрез имейл към себе си. По-късно, можеш да заредиш файла и да възтановиш данните си. Всеки с този файл може да чете твойте FreeCBT упражнения, така че бъди много внимателен къде ги изпращаш!",
      "clipboard": {
        "button": "Експорт на твоите FreeCBT данни към клипборда",
        "success": "Копирани на клипборда!"
      },
      "file": {
        "button": "Експорт на твойте FreeCBT данни към файл",
        "success": "Копирани към файла!"
      },
      "share": {
        "button": "Експорт и споделяне на твойте FreeCBT данни"
      }
    },
    "import": {
      "description": "Възстановявайки данните от файл ще замените и изтриете съществуващите Ви FreeCBT данни, така че обмислете създаването на резервно копие преди възстановяването на данните от файла.",
      "clipboard": {
        "button": "Импорт на Вашите FreeCBT данни от клипборда",
        "failure": "Импортът се провали. Сигурни ли сте, че поставихте цялото FreeCBT резервно копие?"
      },
      "file": {
        "button": "Импортирайте Вашите FreeCBT данни",
        "failure": "Импортът се провали. Сигурни ли сте, че поставихте FreeCBT резервно копие?"
      },
      "noop": "Импортът е успешен, но нищо не се промени! Хубаво е да направите резервно копие за по-късно и да го поставите тук, в случай че програмата загуби данните Ви.",
      "success": "Импортът е успешен!"
    }
  },
  "export_screen": {
    "header": "FreeCBT->",
    "description": "Вижте FreeCBT данните в други формати. Не можете да прикачите тези файлове обратно в FreeCBT в бъдещето.",
    "markdown": {
      "button": "Експорт като Markdown/суров текст"
    },
    "csv": {
      "button": "Експорт като CSV"
    },
    "json": {
      "button": "Експорт като JSON"
    }
  }
}