{
  "onboarding_screen": {
    "readme": "در ابتدا این قسمت‌را بخوانید.",
    "header": "راهنمای FreeCBT",
    "block1": {
      "header": "FreeCBT نیاز به تمرین دارد.",
      "body": "این امر نیازمند تلاش است، اما در انتها حال شما را بهبود خواهد داد."
    },
    "block2": {
      "header": "FreeCBT را در لحظه استفاده کن",
      "body": "هرگاه که احساس عصبانیت، اضطراب و یا افسردگی کردید از FreeCBT استفاده کنید."
    },
    "auto_thought_ex": "نتوانستم به مهمانی مریم بروم، او حتما از من متنفر است.",
    "challenge_ex": "مریم می‌داند که من هربار نمی‌توانم به مهمانی او بروم، اگر او به مهمانی من نمی‌آمد من از او متنفر نمی‌شدم.\n\nمن با خودم باید حداقل به خوبی دیگران رفتار کنم.",
    "alt_thought_ex": "درست است که من مهمانی مریم را از دست دادم، اما می‌توانم معذرت خواهی کنم. احتمالا من را خواهد بخشید.",
    "cog_distortion": {
      "label": "ذهن خوانی",
      "slug": "mind-reading"
    },
    "intro": {
      "line1": "به",
      "emphasis1": "FreeCBT",
      "line2": "برنامه‌ی ",
      "emphasis2": "رفتاردرمانی شناختی",
      "line3": "خوش آمدید."
    },
    "crash_course": {
      "line1": "این یک",
      "emphasis1": "آموزش سریع",
      "line2": "در رفتاردرمانی شناختی است و ",
      "emphasis2": "یک جایگزین",
      "line3": "برای یک درمانگر حرفه‌ای نیست."
    },
    "mood_thoughts": {
      "line1": "اول:",
      "emphasis1": "افکار شما باعث احوال شما می‌شوند."
    },
    "thoughts_arent_thoughts": {
      "line1": "دوم: افکار می‌توانند",
      "emphasis1": "خودآیند باشند."
    },
    "your_distorted": {
      "line1": "سوم: افکار خودآیند معمولا ",
      "emphasis1": "تحریف شده هستند."
    },
    "cbt_overview": {
      "line1": "هدف رفتاردرمانی شناختی شناسایی",
      "emphasis1": "افکار تحریف شده",
      "line2": "و",
      "emphasis2": "جایگزینی آن‌ها",
      "line3": "با افکار منطقی است."
    },
    "ready": {
      "emphasis1": "آماده هستید؟",
      "line1": "بیایید با مراحل آشنا شویم."
    },
    "catch": {
      "line1": "در ابتدا با ",
      "emphasis1": "نوشتن",
      "line2": "افکار خودآیند به هنگام اتفاق افتادن شروع خواهیم کرد."
    },
    "bad_thought_note": {
      "line1": "فکر:",
      "line2": "من مهمانی مریم را از دست دادم، او حتما از من متنفر است."
    },
    "identify_distortions": {
      "line1": "به دنبال",
      "emphasis1": "خطا‌های شناختی باشید"
    },
    "bad_distortions": {
      "line1": "آیا ما مطمئن هستیم که مریم از ما متنفر خواهد بود؟ اگر نه ما در حال",
      "emphasis1": "ذهن‌خوانی 🧠 هستیم",
      "line2": "من مهمانی مریم را از دست دادم، او باید از من متنفر باشد."
    },
    "challenge_screen": {
      "line1": "چرا این فکر واقع گرایانه نیست؟",
      "emphasis1": "آن را به چالش بکشید."
    },
    "write_challenge": {
      "line1": "چیزی مثل این مینویسیم:"
    },
    "alt_thought": {
      "line1": "و در نهایت ما یک ",
      "emphasis1": "فکر جایگزین می‌نویسیم."
    },
    "show_off": {
      "line1": "بعدا پیدا کنید"
    },
    "got_it": {
      "line1": "آماده هستید!",
      "btn_title": "شروع کنیم!"
    },
    "reminders": {
      "header": "ما می‌توانیم برای شما یادآور ارسال کنیم.",
      "disabled": "شما می‌توانید یاد‌آور هارا در صفحه‌ی تنظیمات کنترل کنید.",
      "button": {
        "yes": "بله!",
        "no": "نیازی به یادآور ندارم",
        "continue": "ادامه"
      }
    }
  },
  "auto_thought": "فکر خودآیند",
  "cog_distortion": "خطاهای شناختی را انتخاب کنید.",
  "challenge": "فکر را به چالش بکشید.",
  "alt_thought": "یک فکر جایگزین بنویسید.",
  "alt_thought_description": "این یک چالش نیست، یک روش برای جایگزین کردن افکار است.",
  "cbt_list": {
    "header": ".FreeCBT",
    "today": "امروز",
    "empty": "فعلا فکری نداشتم!"
  },
  "settings": {
    "header": "FreeCBT*",
    "reminders": {
      "header": "*یادآور",
      "description": "اگر مایل باشید می‌توانید نوتیفیکیشن یادآور را روشن کنید تا فرایند به چالش کشیدن افکار را به شما یادآوری کند.",
      "button": {
        "yes": "لطفا یادآوری کن",
        "no": "نیازی به یادآور ندارم، ممنون"
      }
    },
    "pincode": {
      "header": "*قفل رمز 🔒",
      "description": "شما می‌توانید با یک رمز اپلیکیشن را قفل کنید، توجه کنید که تنها راه شکستن قفل، در صورت فراموشی، پاک کردن داده‌های اپلیکیشن است.",
      "button": {
        "update": "تغییر رمز",
        "clear": "پاک کردن رمز",
        "set": "اعمال رمز"
      }
    },
    "history": {
      "header": "*برچسب‌های دکمه‌های تاریخچه",
      "description": "به صورت پیش‌ فرض، دکمه‌های صفحه‌ی تاریخچه از افکار جایگزین استفاده می‌کنند. این به ما کمک می‌کند این افکار را به عنوان \"تغییر کرده\" ثپت کنیم.",
      "button": {
        "alternative": "فکر جایگزین",
        "automatic": "فکر خودآیند"
      }
    },
    "backup": {
      "header": "*پشتیبان",
      "button": "اطلاعات برنامه را پشتیبان بگیرید",
      "export-button": "از اطلاعات برنامه خروجی بگیرید"
    },
    "locale": {
      "header": "*زبان",
      "default": "پیش‌فرض سیستم",
      "contribute": "به ترجمه‌ی برنامه کمک کنید",
      "// list": "translator note: use each language's native translation here; don't translate this list in other file. initial list based on https://en.wikipedia.org/wiki/List_of_ISO_639-1_codes",
      "list": {
        "de": "Deutsch",
        "en": "English",
        "es": "Español",
        "fi": "Suomi",
        "fr": "Français",
        "it": "Italiano",
        "ko": "한국어",
        "nb": "Norsk Bokmål",
        "nl": "Nederlands",
        "pl": "język polski",
        "pt-BR": "Português do Brasil",
        "pt-PT": "Português",
        "ro": "Română",
        "ru": "русский",
        "sv": "Svenska",
        "zh-Hans": "中文",
        "fa": "فارسی",
        "_test": ")tset( hsilgnE-esreveR"
      }
    },
    "privacy": "حریم خصوصی",
    "terms": "Terms of Service"
  },
  "cbt_form": {
    "header": "FreeCBT",
    "edit": "تغییر",
    "new": "جدید",
    "save": "ذخیره",
    "submit": "ذخیره و پایان",
    "auto_thought_placeholder": "مثال: هواپیما ممکن است سقوط کند",
    "cog_distortion": "خطای شناختی",
    "challenged": "چالش",
    "changed_placeholder": "ممکن است صحیح نباشد که ...",
    "alt_thought_placeholder": "در عوض چه فکری می‌توانیم بکنیم؟",
    "show_details": "نمایش توضیحات با جزییات"
  },
  "explanation_screen": {
    "header": "FreeCBT.",
    "intro": "معرفی"
  },
  "finished_screen": {
    "header": "FreeCBT"
  },
  "all_or_nothing_thinking": "تفکر همه یا هیچ",
  "all_or_nothing_thinking_explanation": "همه چیز را سفید و در غیر این صورت سیاه می‌بینید. هر چیز کمتر از کامل، شکست بی چون و چراست.",
  "all_or_nothing_thinking_thought": "زنی پس از خوردن یک قاشق بستنی گفت: برنامه لاغری من دود شد و به هوا رفت.",
  "catastrophizing": "درشت نمایی",
  "catastrophizing_explanation": "از یک سو، درباره‌ی اهمیت مسائل و شدت اشتباهات خود مبالغه می‌کنیدو از سوی دیگر، اهمیت جنبه‌های مثبت زندگی را کمتر از آنچه هست برآورد می‌کنید.",
  "catastrophizing_thought": "سرگیجه دارم، احتمالا دچار حمله قلبی شده‌ام.",
  "emotional_reasoning": "استدلال احساسی",
  "emotional_reasoning_explanation_1": "فرض را بر این می‌گذارید که احساسات منفی شما لزوما منعکس کننده‌ی واقعیت‌ها هستند.",
  "emotional_reasoning_explanation_2": " استدلال عاطفی “حقیقت عاطفی” را ایجاد می کند که ممکن است با “حقیقت ادراکی” معکوس در تضاد باشد.",
  "emotional_reasoning_thought": "احساس گناه می‌کنم، پس حتما کاری را اشتباه انجام داده‌ام.",
  "fortune_telling": "پیش‌گویی",
  "fortune_telling_explanation": "این انحراف زمانی اتفاق می‌افتد که آینده را پیش‌بینی می‌کنیم. ما اغلب توانایی‌های خود را برای پیش‌بینی آنچه اتفاق می‌افتد بیش از حد ارزیابی می‌کنیم. اغلب نگران می‌شویم که ممکن است چیزی اتفاق بیفتد و سپس شروع به جستجوی شواهدی برای وقوع آن می‌کنیم.",
  "fortune_telling_thought": "هواپیمایی که سوار می‌شوم قرار است سقوط کند.",
  "labeling": "برچسب‌زنی",
  "labeling_explanation": " صفات کلی منفی را به خود یا دیگران نسبت می‌دهید.",
  "labeling_thought": "در یک آزمون رد شدم، پس دانشجوی بدی هستم.",
  "magnification_of_the_negative": "فیلتر ذهنی",
  "magnification_of_the_negative_explanation": "تحت تاثیر یک حادثه‌ی منفی، همه‌ی واقعیت‌ها را تار می‌بینید.به جزئی از یک حادثه‌ی منفی توجه می‌کنید و بقیه‌را فراموش می‌کنید.",
  "magnification_of_the_negative_thought": "این هفته غذای سالم خوردم ولی به باشگاه نرفتم.",
  "mind_reading": "ذهن خوانی",
  "mind_reading_explanation": "بدون بررسی کافی نتیجه می‌گیرید که کسی در برخورد با شما واکنش منفی نشان می‌دهد.",
  "mind_reading_thought": "با مریم رفتار بدی داشتم، حتما از من متنفر است.",
  "minimization_of_the_positive": "بی‌توجهی به امر مثبت",
  "minimization_of_the_positive_explanation": "با بی‌ارزش شمردن تجربه‌های مثبت، اصرار بر مهم نبودن آن‌ها دارید. کارهای‌ خوب خود‌را بی‌اهمیت می‌خوانید، می‌گویید که هر‌کسی می‌تواند این کار‌را انجام دهد.بی‌توجهی به امر مثبت شادی زندگی را می‌گیرد و شمارا به احساس ناشایسته بودن سوق می‌دهد.",
  "minimization_of_the_positive_thought": "افراد زیادی از ارائه‌ی من خوششان آمد، اما در ابتدا تپق داشتم، پس ارائه‌ی بدی بود.",
  "other_blaming": "شخصی سازی و سرزنش",
  "other_blaming_explanation_1": "خود‌را بی‌جهت مسئول حادثه‌ای قلمداد می‌کنید که به هیچ وجه امکان کنترل آن را نداشته‌اید.",
  "other_blaming_explanation_2": "بعضی‌ها هم عکس این کار‌ را می‌کنند و سایرین یا شرایط را علت مسائل خود تلقی می‌کنند و توجه ندارند که ممکن است خود در ایجاد گرفتاری سهمی داشته باشند.",
  "other_blaming_thought": "علت زندگی زناشویی بد من این است که همسرم منطقی نیست.",
  "over_generalization": "تعمیم مبالغه آمیز",
  "over_generalization_explanation": "هر حادثه‌ی منفی و از جمله یک ناکامی شغلی را شکستی تمام‌عیار و تمام نشدنی تلقی می‌کنید و آن را با کلامتی همچون هرگز و همیشه توصیف می‌کنید.",
  "over_generalization_thought": "او هرگز سر وقت به منزل نمی‌آید.",
  "self_blaming": "خود سرزنشی",
  "self_blaming_explanation": "اگر شما همه‌ی اتفاقات بد را تقصیر خود می‌دانید به خود سرزنشی دچار هستید. شما قرار نیست برای هر اتفاقی که می‌افتد خودرا سرزنش کنید.",
  "self_blaming_thought": "پسرم در مدرسه دچار افت شده است. حتما تقصیر من است.",
  "should_statements": "عبارت‌های باید دار",
  "should_statements_explanation_1": "انتظار دارید که اوضاع آن‌طور که شما می‌خواهید، باشد. آن دسته از عبارت‌های باید دار که بر ضد شما به کار برده می‌شوند، به احساس تقصیر و نومیدی منجر می‌گردند. اما همین باور‌ها، اگر متوجه سایرین و یا جهان به طور کلی شود، منجر به خشم و دلسردی می‌گردد.",
  "should_statements_explanation_2": "باید ها تولید تمرد می‌کنند و اشخاص تشویق می‌شوند که درس برکس آن را انجام دهند.",
  "should_statements_thought": "Iنباید آن شیرینی را بخورم.",
  "accessibility": {
    "help_button": "راهنمایی",
    "list_button": "لیست افکار",
    "new_thought_button": "فکر جدید",
    "settings_button": "تنظیمات",
    "delete_thought_button": "پاک کردن فکر",
    "close_button": "بستن"
  },
  "payment": {
    "ios_explanation": "Payment will be charged to your Apple ID account at the confirmation of purchase. The subscription automatically renews unless it is canceled at least 24 hours before the end of the current period. Your account will be charged for renewal within 24 hours prior to the end of the current period. You can manage and cancel your subscriptions by going to your App Store account settings after purchase."
  },
  "reminder_notification": {
    "1": {
      "title": "اگر اتفاقی افتاده است، آن‌را ثبت کنید.",
      "body": "اجازه ندهید افکارتان ساکن شوند، در اولین فرصت روی آن‌ها کار کنید."
    },
    "2": {
      "title": "اگر مشکلی دارید این برنامه می‌تواند کمک کند.",
      "body": "حال لحظه‌ای توقف کنید تا افکارتان را به چالش بکشید."
    },
    "intro": {
      "title": "اگر مشکلی دارید این برنامه می‌تواند کمک کند.",
      "body": "شما روزی یک بار یک یاد‌اور مانند این دریافت می‌کنید."
    }
  },
  "all_or_nothing_thinking_one_liner": "مثال: \"این امر یک وقت تلف کردن محض بود.\"",
  "overgeneralization_one_liner": "مثال: \"همه مرا ناامید خواهند کرد.\"",
  "mind_reading_one_liner": "مثال: \"مطمئنم او از من متنفر است.\"",
  "fortune_telling_one_liner": "مثال: \"در مهمانی حالم بد خواهد شد.\"",
  "magnification_of_the_negative_one_liner": "تمرکز روی آنچه که اشتباه شده است.",
  "minimization_of_the_positive_one_liner": "در نظر نگرفتن اتفاقات خوبی که افتاده است.",
  "catastrophizing_one_liner": "تمرکز روی بدترین سناریو",
  "emotional_reasoning_one_liner": "مثال: \"احساس ترس می‌کنم، پس یک حمله‌ی عصبی رخ خواهد داد.\"",
  "should_statements_one_liner": "مثال: \"باید بهتر باشم\"",
  "labeling_one_liner": "مثال: \"او یک عوضی است\"",
  "self_blaming_one_liner": "خود را مقصر همه‌ چیز دانستن",
  "other_blaming_one_liner": "دیگران را مقصر دانستن",
  "backup_screen": {
    "header": "بازخوانی",
    "export": {
      "description": "برای پشتیبان گیری از اطلاعات، آن را جایی امن ذخیره کنید، سپس در همین پایین دوباره بازخوانی کنید. هر کسی با این فایل می‌تواند تمرینات شمارا بخواند. پس در نگهداری آن کوشا باشید.",
      "clipboard": {
        "button": "اطلاعات خود را به کلیپ‌بورد کپی کنید.",
        "success": "در کلیپ‌بورد کپی شد!"
      },
      "file": {
        "button": "خروجی اپلیکیشن در یک فایل",
        "success": "در یک فایل کپی شد!"
      },
      "share": {
        "button": "خروجی گرفتن از برنامه"
      }
    },
    "import": {
      "description": "بازخوانی یک پشتیبان، اطلاعات فعلی شمارا پاک خواهد کرد. پس در صورت نیاز از آن یک پشتیبان تهیه کنید.",
      "clipboard": {
        "button": "اطلاعات برنامه را از کلیپ‌بورد بازخوانی کنید.",
        "failure": "بازخوانی با خطا مواجه شد."
      },
      "file": {
        "button": "اطلاعات برنامه را از فایل بازخوانی کنید.",
        "failure": "بازخوانی با خطا مواجه شد."
      },
      "noop": "بازخوانی موفقیت آمیز بود ولی چیزی تغییر نکرد.",
      "success": "بازخوانی موفقیت آمیز!"
    }
  },
  "export_screen": {
    "header": "پشتیبان گیری",
    "description": "اطلاعات اپلیکیشن را در سایر فرمت ها پشتیبان گیری کنید.",
    "markdown": {
      "button": "Export as Markdown/plain text"
    },
    "csv": {
      "button": "Export as CSV"
    },
    "json": {
      "button": "Export as JSON"
    }
  }
}