{
  "onboarding_screen": {
    "readme": "सबसे पहले, आपको इसे पढ़ना चाहिए।",
    "header": "फ्रीसीबीटी गाइड",
    "block1": {
      "header": "फ्रीसीबीटी एक ऐसी चीज़ है जिसका आपको अभ्यास करना होगा",
      "body": "इसमें मेहनत लगेगी, लेकिन फ्रीसीबीटी सीखने से आपको काफी बेहतर महसूस करने में मदद मिलेगी।"
    },
    "block2": {
      "header": "फिलहाल फ्रीसीबीटी का प्रयोग करें।",
      "body": "जब आप चिंतित, क्रोधित या उदास महसूस कर रहे हों, तो फ्रीसीबीटी का उपयोग करें।"
    },
    "auto_thought_ex": "मैं राहुल की पार्टी में नहीं जा पाया, तो वो मुझसे नफरत करेगा।",
    "challenge_ex": "राहुल जानता है कि मैं हर बार नहीं आ सकता उसके आयोजनो में, अगर वो कभी नहीं आया मेरे आयोजनो में तो मैं उससे नफरत नहीं करूंगा।\n\nमुझे कम से कम अपने साथ उतना अच्छा व्यवहार करना चाहिए जितना मैं दूसरों के साथ करता हूँ।",
    "alt_thought_ex": "यह सच है कि मैं राहुल की पार्टी में नहीं गया, मैं माफी मांग सकता हूं और वह शायद मुझे माफ कर देगा।",
    "cog_distortion": {
      "label": "दिमाग पढ़ना",
      "slug": "mind-reading"
    },
    "intro": {
      "line1": "आपका स्वागत है",
      "emphasis1": "फ्रीसीबीटी",
      "line2": ", ",
      "emphasis2": "संज्ञानात्मक व्यवहार थेरेपी (सीबीटी)",
      "line3": ", ऐप में।"
    },
    "crash_course": {
      "line1": "यह है एक",
      "emphasis1": "क्रैश कोर्स",
      "line2": "सीबीटी में और",
      "emphasis2": "विकल्प नहीं है",
      "line3": "किसी प्रशिक्षित चिकित्सक के लिए।"
    },
    "mood_thoughts": {
      "line1": "प्रथम:",
      "emphasis1": "आपके विचार आपकी मनोदशा का कारण बनते हैं।"
    },
    "thoughts_arent_thoughts": {
      "line1": "द्वितीय: आपके विचार हो सकते हैं",
      "emphasis1": "स्वचालित।"
    },
    "your_distorted": {
      "line1": "तृतीय: स्वचालित विचार अक्सर होते हैं",
      "emphasis1": "विकृत।"
    },
    "cbt_overview": {
      "line1": "सीबीटी का लक्ष्य है पहचानना",
      "emphasis1": "विकृत विचार",
      "line2": "और",
      "emphasis2": "बदलना उन्हें ",
      "line3": "तर्कसंगत विचारों के साथ।"
    },
    "ready": {
      "emphasis1": "तैयार हैं?",
      "line1": "आइये इस प्रक्रिया पर नज़र डालें।"
    },
    "catch": {
      "line1": "हम शुरुआत करेंगे",
      "emphasis1": "बस लिख कर",
      "line2": "स्वचालित विचार जब वो घटित होते हैं।"
    },
    "bad_thought_note": {
      "line1": "विचार नोट करें:",
      "line2": "मैं राहुल की पार्टी में नहीं जा सका, उन्हें मुझसे नफरत होगी।"
    },
    "identify_distortions": {
      "line1": "ढूँढ़ें",
      "emphasis1": "संज्ञानात्मक विकृतियाँ"
    },
    "bad_distortions": {
      "line1": "क्या मैं सचमुच जानता हूँ कि राहुल मुझसे नफरत करेगा? यदि नहीं, तो मैं",
      "emphasis1": "🧠 दिमाग पढ़ रहा।",
      "line2": "मैं राहुल की पार्टी में नहीं जा सका, उन्हें मुझसे नफरत होगी।"
    },
    "challenge_screen": {
      "line1": "यह विचार यथार्थवादी क्यों नहीं है?",
      "emphasis1": "इसे चुनौती दीजिए।"
    },
    "write_challenge": {
      "line1": "हम कुछ इस तरह लिखेंगे:"
    },
    "alt_thought": {
      "line1": "अंत में, हम लिखेंगे एक",
      "emphasis1": "वैकल्पिक विचार।"
    },
    "show_off": {
      "line1": "इसे बाद में ढूंढें:"
    },
    "got_it": {
      "line1": "आप जाने के लिए तैयार हैं!",
      "btn_title": "चलिए!"
    },
    "reminders": {
      "header": "इससे पहले कि आप ख़त्म करें, यदि आप चाहें तो हम आपको अनुस्मारक भेज सकते हैं।",
      "disabled": "आप सेटिंग स्क्रीन में अनुस्मारक नियंत्रित कर सकते हैं।",
      "button": {
        "yes": "हाँ, कृपया!",
        "no": "बिना अनुस्मारक जारी रखें",
        "continue": "जारी रखें"
      }
    }
  },
  "auto_thought": "स्वचालित विचार",
  "cog_distortion": "लागू होने वाली किसी भी विकृति का चयन करें।",
  "challenge": "विचार को चुनौती दें।",
  "alt_thought": "एक वैकल्पिक विचार लिखें।",
  "alt_thought_description": "यह कोई चुनौती नहीं है, यह एक वैकल्पिक विचार को मजबूत करने का एक तरीका है।",
  "cbt_list": {
    "header": ".फ्रीसीबीटी",
    "today": "आज",
    "empty": "अभी तक कोई विचार नहीं हैं!"
  },
  "settings": {
    "header": "फ्रीसीबीटी*",
    "reminders": {
      "header": "*अनुस्मारक",
      "description": "यदि आप चाहें, तो आप अधिसूचना अनुस्मारक चालू कर सकते हैं जो विचारों को चुनौती देने की आदत बनाने में आपकी मदद करेगा।",
      "button": {
        "yes": "कृपया मुझे याद दिला दें",
        "no": "कोई अनुस्मारक नहीं है, धन्यवाद"
      }
    },
    "pincode": {
      "header": "*पिनकोड लॉक 🔒",
      "description": "यदि आप चाहें तो ऐप को पिनकोड से लॉक कर सकते हैं। सावधान रहें कि भूले हुए कोड को रीसेट करने का एकमात्र तरीका आपकी सभी जानकारी को मिटाना है, इसलिए सावधान रहें कि भूल न जाएं।",
      "button": {
        "update": "पिनकोड अद्यतन करें",
        "clear": "पिनकोड हटाएं",
        "set": "पिनकोड निर्धारित करें"
      }
    },
    "history": {
      "header": "*इतिहास बटन लेबल्स",
      "description": "डिफ़ॉल्ट रूप से, हम वैकल्पिक विचार का उपयोग करने के लिए इतिहास स्क्रीन में बटन सेट करते हैं। इससे विचार को \"बदला हुआ\" मानने में मदद मिलती है।",
      "button": {
        "alternative": "वैकल्पिक विचार",
        "automatic": "स्वचालित विचार"
      }
    },
    "backup": {
      "header": "*बैकअप",
      "button": "अपने फ्रीसीबीटी डेटा का बैकअप लें",
      "export-button": "अपना फ्रीसीबीटी डेटा निर्यात करें"
    },
    "locale": {
      "header": "*भाषा",
      "default": "System default",
      "contribute": "फ्रीसीबीटी का अनुवाद करने में सहायता करें",
      "// list": "अनुवादक नोट: यहां प्रत्येक भाषा के मूल अनुवाद का उपयोग करें; इस सूची का अन्य फ़ाइल में अनुवाद न करें। प्रारंभिक सूची https://en.wikipedia.org/wiki/List_of_ISO_639-1_codes पर आधारित है",
      "list": {
        "de": "Deutsch",
        "en": "English",
        "es": "Español",
        "fi": "Suomi",
        "fr": "Français",
        "hi": "हिंदी",
        "it": "Italiano",
        "ko": "한국어",
        "nb": "Norsk Bokmål",
        "nl": "Nederlands",
        "pl": "język polski",
        "pt-BR": "Português do Brasil",
        "pt-PT": "Português",
        "ro": "Română",
        "ru": "русский",
        "sv": "Svenska",
        "zh-Hans": "中文",
        "fa": "فارسی",
        "_test": ")tset( hsilgnE-esreveR"
      }
    },
    "privacy": "गोपनीयता नीति",
    "terms": "सेवा की शर्तें"
  },
  "cbt_form": {
    "header": "फ्रीसीबीटी",
    "edit": "संपादन करें",
    "new": "नया",
    "save": "जमा करें",
    "submit": "सहेजें और समाप्त करें",
    "auto_thought_placeholder": "उदा: 'विमान दुर्घटनाग्रस्त हो सकता है'",
    "cog_distortion": "संज्ञानात्मक विकृति",
    "challenged": "चुनौती",
    "changed_placeholder": "यह सच नहीं हो सकता कि...",
    "alt_thought_placeholder": "इसके बजाय हम क्या सोच सकते हैं?",
    "show_details": "विस्तृत विवरण दिखाएँ"
  },
  "explanation_screen": {
    "header": "फ्रीसीबीटी।",
    "intro": "परिचय"
  },
  "finished_screen": {
    "header": "फ्रीसीबीटी"
  },
  "all_or_nothing_thinking": "सभी या कुछ भी नहीं सोचना",
  "all_or_nothing_thinking_explanation": "यह विकृति तब होती है जब हमारे पास बीच के रास्ते के लिए कोई जगह नहीं है। अगर हम सोचते हैं कि अपने आप में एक छोटी सी गलती का मतलब है कि हम मौलिक रूप से सड़े हुए हैं या अन्यथा भयानक हैं, तो हम संभवतः सब कुछ या कुछ भी नहीं सोचने में लगे हुए हैं।",
  "all_or_nothing_thinking_thought": "मैं साक्षात्कार में असफल हो गया, मुझे नौकरी पर नहीं रखा जा सकता।",
  "catastrophizing": "प्रलयंकारी",
  "catastrophizing_explanation": "अगर हम एक छोटी सी समस्या ले रहे हैं और उसे जरूरत से ज्यादा बढ़ा रहे हैं, तो हम प्रलयंकारी हैं। क्या आपने काम में कोई छोटी सी गलती की है और डर रहे हैं कि किसी को पता चल जाए, भले ही यह कोई गंभीर बात न हो? आप संभवतः प्रलयंकारी हैं।",
  "catastrophizing_thought": "मुझे घबराहट हो रही है, शायद मुझे दिल का दौरा पड़ रहा है।",
  "emotional_reasoning": "भावनात्मक तर्क",
  "emotional_reasoning_explanation_1": "\"मुझे यह महसूस होता है, इसलिए यह सच होना चाहिए।\" यदि आप खुद को किसी अहानिकर चीज़ के \"खतरे\" को उचित ठहराते हुए पाते हैं क्योंकि आप इससे डरते हैं, तो आप संभवतः भावनात्मक तर्क में उलझे हुए हैं। चीजें खतरनाक नहीं हैं क्योंकि हम उनसे डरते हैं और हम भयानक नहीं हैं सिर्फ इसलिए कि हम सोचते हैं कि हम खतरनाक हैं।",
  "emotional_reasoning_explanation_2": "इसे पहचानना अक्सर कठिन होता है। जब आपका भावनात्मक दिमाग तार्किक बागडोर संभाल रहा हो तो इसे पहचानने में कुछ प्रयास करना पड़ता है।",
  "emotional_reasoning_thought": "मैं दोषी महसूस कर रहा हूं, इसलिए मैंने जरूर कुछ बुरा किया है।",
  "fortune_telling": "भविष्य कथन",
  "fortune_telling_explanation": "यह विकृति तब होती है जब हम भविष्य की भविष्यवाणी करते हैं। हम अक्सर भविष्यवाणी करने की अपनी क्षमताओं को अधिक महत्व देते हैं कि क्या होगा। अक्सर हम चिंता करेंगे कि कुछ हो सकता है और फिर सबूत ढूंढना शुरू कर देंगे कि यह घटित होगा।",
  "fortune_telling_thought": "मैं जिस विमान पर चढ़ने वाला हूँ वह दुर्घटनाग्रस्त हो जाएगा।",
  "labeling": "वर्गीकरण करना",
  "labeling_explanation": "अगर हम किसी व्यक्ति की एक विशेषता ले रहे हैं और उसे पूरे व्यक्ति पर लागू कर रहे हैं, तो हम वर्गीकरण लगा रहे हैं। अगर किसी ने हमें नज़रअंदाज कर दिया, तो हो सकता है कि वे \"बुरे\" न हों, हो सकता है कि वे जल्दी में हों। यह हम पर भी लागू होता है; सिर्फ इसलिए कि हम गलती करते हैं इसका मतलब यह नहीं है कि हम \"असफल हैं\"",
  "labeling_thought": "मैं एक परीक्षा में असफल हो गया, इसलिए मैं एक बुरा छात्र हूँ।",
  "magnification_of_the_negative": "नकारात्मक का आवर्धन",
  "magnification_of_the_negative_explanation": "यदि आप किसी स्थिति का मूल्यांकन पूरी तरह से नकारात्मक भागों के आधार पर कर रहे हैं और सकारात्मक भागों पर विचार नहीं कर रहे हैं, तो आप संभवतः नकारात्मक को बढ़ा-चढ़ाकर पेश कर रहे हैं। यदि आप नौकरी के लिए साक्षात्कार में असफल होने के लिए लगातार खुद को कोस रहे हैं, तो आप संभवतः उस साक्षात्कार से प्राप्त सभी अनुभव को मिटा रहे हैं।",
  "magnification_of_the_negative_thought": "मैंने इस सप्ताह स्वस्थ भोजन किया, लेकिन मैंने दौड़ना छोड़ दिया।",
  "mind_reading": "दिमाग पढ़ना",
  "mind_reading_explanation": "अगर हम इस बात को लेकर चिंतित हैं कि कोई और हमारे बारे में क्या सोच रहा है, तो हम उनके दिमाग को पढ़ने का प्रयास कर रहे हैं। जब तक कोई आपको नहीं बताता कि वे क्या सोच रहे हैं, आपके पास जानने का कोई तरीका नहीं है। तो सबसे बुरा क्यों मानें?",
  "mind_reading_thought": "मुझे लगता है कि मैं राहुल के प्रति असभ्य था, मैं शर्त लगा सकता हूं कि वह मुझसे नफरत करता है।",
  "minimization_of_the_positive": "सकारात्मकता का न्यूनतमकरण",
  "minimization_of_the_positive_explanation": "अगर हम अपने साथ होने वाली अच्छी चीजों को कम महत्व देते हैं, तो हम सकारात्मक चीजों को कम कर रहे हैं। भले ही हमारा दिन योजना के अनुसार 100% नहीं गया, लेकिन इसका मतलब यह नहीं है कि जो 60% सही हुआ उसे नजरअंदाज कर दिया जाना चाहिए। ",
  "minimization_of_the_positive_thought": "कई लोगों को मेरी प्रस्तुति पसंद आई, लेकिन मैं परिचय देने में चूक गया, इसलिए यह ख़राब था।",
  "other_blaming": "अन्य दोषारोपण",
  "other_blaming_explanation_1": "अगर कोई बुरी स्थिति किसी और की गलती होनी चाहिए, तो हम अन्य दोषारोपण कर रहे हैं। यदि आप किसी परीक्षा में असफल हो गए और आप शिक्षक को दोष दे रहे हैं, तो आप अपनी ऊर्जा गलत जगह पर लगा रहे हैं। सड़क पर कोई कार आपको झटके से ओवरटेक कर गयी गयी, और आप हॉर्न बजाने लग गए, चिल्लाने लग गए, तोह क्या हो गया उससे? अब आप फ़ालतू का गुस्सा हैं और कुछ बदला भी नही।",
  "other_blaming_explanation_2": "इसका मतलब यह नहीं है कि आपको हर नकारात्मक स्थिति के लिए खुद को दोषी ठहराना होगा। आपको किसी को दोष देने की ज़रूरत नहीं है। यदि आप किसी को दोष दिए बिना स्थिति को जाने देते हैं तो इसमें किसी की भी गलती नहीं है।",
  "other_blaming_thought": "उस आदमी को लाइन में बहुत देर लग रही है और मुझे देर हो जाएगी!",
  "over_generalization": "अति सामान्यीकरण",
  "over_generalization_explanation": "यदि हम केवल एक उदाहरण के आधार पर निष्कर्ष निकालते हैं, तो हम अति-सामान्यीकरण कर रहे हैं। यदि आपकी कोई प्रस्तुति ख़राब रही और आप यह मान लेते हैं कि आप प्रस्तुतिकरण में \"ख़राब\" हैं, तो आप अति सामान्यीकरण कर रहे हैं।",
  "over_generalization_thought": "किसी ने मुझसे नृत्य करने के लिए नहीं पुछा, इसलिए कोई कभी नहीं पूछेगा आगे भी।",
  "self_blaming": "स्वयं को दोष देना",
  "self_blaming_explanation": "यदि आप किसी नकारात्मक स्थिति के लिए पूरी तरह से खुद को जिम्मेदार ठहरा रहे हैं, तो आप \"खुद को दोषी ठहरा\" रहे हैं। आपको होने वाली हर बुरी चीज के लिए जिम्मेदार होने की जरूरत नहीं है। यदि आप यातायात जाम में फंस रहे हैं और आप पहले न निकलने के लिए स्वयं को कोस रहे हैं, ये \"स्वयं को दोष देना\" है। क्या आप किसी और के साथ इस तरह से व्यवहार करेंगे?",
  "self_blaming_thought": "मेरा बेटा विद्यालय में फेल हो रहा है, इसके लिए मैंने ही कुछ किया होगा और यह सब मेरी गलती है।",
  "should_statements": "होना चाहिए - विचार",
  "should_statements_explanation_1": "यदि आप किसी व्यक्ति को योग्यताएं दे रहे हैं जो उनमें नहीं हैं, तो आप \"होना चाहिए\" विचारों का उपयोग कर रहे हैं। उदाहरण के लिए, अगर आपको हवाई जहाज में उड़ने से डर लगता है और आप अपने आप से कह रहे हैं कि \"मुझे इससे नहीं डरना चाहिए, हवाई जहाज में कुछ भी खराबी नहीं है!\" आप अपने ऊपर अनुचित बोझ डाल रहे हैं। आपको उड़ने से डर लगता है! जिन लोगों को उड़ने से डर लगता है उनके लिए उड़ने से डरना सामान्य बात है!",
  "should_statements_explanation_2": "जब आप इसे कहते हैं तो \"होना चाहिए\" विचार निरर्थक लग सकते हैं; यही तो बात है! वे अतार्किक हैं!",
  "should_statements_thought": "मैं एक वयस्क व्यक्ति हूं, मुझे ये मानसिक समस्याएं नहीं होनी चाहिए।",
  "accessibility": {
    "help_button": "मदद",
    "list_button": "विचारों की सूची",
    "new_thought_button": "नई सोच",
    "settings_button": "सेटिंग्स",
    "delete_thought_button": "विचार मिटाओ",
    "close_button": "बंद करो"
  },
  "payment": {
    "ios_explanation": "खरीद की पुष्टि पर आपके ऐप्पल आईडी खाते से भुगतान लिया जाएगा। सदस्यता स्वचालित रूप से नवीनीकृत हो जाती है जब तक कि इसे वर्तमान अवधि के अंत से कम से कम 24 घंटे पहले रद्द नहीं किया जाता है। आपके खाते से वर्तमान अवधि समाप्त होने से 24 घंटे के भीतर नवीनीकरण के लिए शुल्क लिया जाएगा। आप खरीदारी के बाद अपने ऐप स्टोर खाते की सेटिंग में जाकर अपनी सदस्यताएं प्रबंधित और रद्द कर सकते हैं।"
  },
  "reminder_notification": {
    "1": {
      "title": "अगर कुछ चल रहा है, तो उसे रिकॉर्ड करें।",
      "body": "अपने विचारों को बैठने न दें, जितनी जल्दी हो सके उन पर काम करें।"
    },
    "2": {
      "title": "यदि आपको परेशानी हो रही है, तो फ्रीसीबीटी मदद कर सकता है।",
      "body": "अपने विचारों को चुनौती देने के लिए अभी कुछ समय निकालें"
    },
    "intro": {
      "title": "यदि आपको परेशानी हो रही है, तो फ्रीसीबीटी मदद कर सकता है।",
      "body": "आपको दिन में एक बार इस तरह का अनुस्मारक प्राप्त होगा"
    }
  },
  "all_or_nothing_thinking_one_liner": "उदा: \"वह समय की पूरी तरह से बर्बादी थी\"",
  "overgeneralization_one_liner": "उदा: \"हर कोई मुझे निराश करेगा\"",
  "mind_reading_one_liner": "उदा: \"मैं शर्त लगा सकता हूं कि वह अब मुझसे नफरत करता है\"",
  "fortune_telling_one_liner": "उदा: \"मैं पार्टी में बीमार हो जाऊँगा\"",
  "magnification_of_the_negative_one_liner": "केवल उस पर ध्यान केंद्रित करना जो गलत हुआ",
  "minimization_of_the_positive_one_liner": "जो अच्छी चीज़ें हुईं उन्हें नज़रअंदाज़ करना",
  "catastrophizing_one_liner": "सबसे खराब संभावित परिदृश्य पर ध्यान केंद्रित करना",
  "emotional_reasoning_one_liner": "उदा: \"मुझे डर लग रहा है, इसलिए मुझे घबराहट का दौरा आ जाएगा\"",
  "should_statements_one_liner": "उदा: \"मुझे बेहतर होना चाहिए था\"",
  "labeling_one_liner": "उदा: \"वह एक बेवकूफ है\"",
  "self_blaming_one_liner": "सारा दोष अपने ऊपर लेना",
  "other_blaming_one_liner": "सारा दोष किसी और को सौंपना",
  "backup_screen": {
    "header": "फ्रीसीबीटी<-",
    "export": {
      "description": "अपने फ्रीसीबीटी डेटा का बैकअप लेने के लिए, इसे किसी सुरक्षित और निजी स्थान पर \"साझा करें\", जैसे कि इसे स्वयं को ईमेल करना। बाद में, आप अपने डेटा को पुनर्स्थापित करने के लिए उस फ़ाइल को नीचे लोड कर सकते हैं। इस फ़ाइल वाला कोई भी व्यक्ति आपके फ्रीसीबीटी अभ्यास को पढ़ सकता है, इसलिए ऐसा करें बहुत सावधान रहें कि आप इसे कहां भेज रहे हैं!",
      "clipboard": {
        "button": "अपना फ्रीसीबीटी डेटा क्लिपबोर्ड पर निर्यात करें",
        "success": "क्लिपबोर्ड पर सफलतापूर्वक कॉपी किया गया!"
      },
      "file": {
        "button": "अपना फ्रीसीबीटी डेटा एक फ़ाइल में निर्यात करें",
        "success": "फ़ाइल में कॉपी किया गया!"
      },
      "share": {
        "button": "अपना फ्रीसीबीटी डेटा निर्यात करें और साझा करें"
      }
    },
    "import": {
      "description": "बैकअप फ़ाइल को पुनर्स्थापित करने से सारा मौजूदा फ्रीसीबीटी डेटा मिट जाएगा, इसे बैकअप के डेटा के साथ बदल दिया जाएगा, इसलिए पहले एक और बैकअप बनाने पर विचार करें।",
      "clipboard": {
        "button": "क्लिपबोर्ड से अपना फ्रीसीबीटी डेटा आयात करें",
        "failure": "आयात विफल। क्या आप वाकई संपूर्ण फ्रीसीबीटी बैकअप टेक्स्ट चिपका चुके हैं?"
      },
      "file": {
        "button": "अपना फ्रीसीबीटी डेटा आयात करें",
        "failure": "आयात विफल। क्या आप निश्चित हैं कि यह एक फ्रीसीबीटी बैकअप फ़ाइल है?"
      },
      "noop": "आयात सफल हुआ - लेकिन कुछ भी नहीं बदला! आपको अपना बैकअप टेक्स्ट बाद के लिए सहेजना चाहिए, और यदि ऐप कभी भी आपका डेटा खो देता है तो इसे यहां पेस्ट करें।",
      "success": "आयात सफल हुआ!"
    }
  },
  "export_screen": {
    "header": "फ्रीसीबीटी->",
    "description": "अपने फ्रीसीबीटी डेटा को अन्य प्रारूपों में देखें। आप इन फ़ाइलों को बाद में फ्रीसीबीटी में वापस आयात नहीं कर सकते।",
    "markdown": {
      "button": "मार्कडाउन/सादा पाठ के रूप में निर्यात करें"
    },
    "csv": {
      "button": "सीएसवी के रूप में निर्यात करें"
    },
    "json": {
      "button": "जैसोन के रूप में निर्यात करें"
    }
  }
}
