{
  "onboarding_screen": {
    "header": "FreeCBT Guida",
    "block1": {
      "header": "FreeCBT ha bisogno di pratica",
      "body": "Ci vuole del lavoro, ma FreeCBT puo' aiutarti a sentirti meglio."
    },
    "block2": {
      "header": "Usa FreeCBT sul momento.",
      "body": "Quando ti senti ansioso, arrabbiato o depresso usa FreeCBT."
    },
    "auto_thought_ex": "Ho perso la festa di Giorgio, ora mi odia.",
    "challenge_ex": "Giorgio sa che non posso farcela ogni volta, non l'odierei se mancerebbe a qualcosa di mio.\n\nDovrei trattare me stesso bene almeno tanto quanto io tratto gli altri",
    "alt_thought_ex": "È vero che ho perso la festa di Giorgio, ma posso scusarmi così probabilmente mi perdonerà.",
    "cog_distortion": { "label": "Lettura del pensiero", "slug": "lettura-del-pensiero" },
    "intro": {
      "line1": "Benvenuto in",
      "emphasis1": "FreeCBT",
      "line2": ", l'app sulla",
      "emphasis2": "Terapia Cognitivo Comportamentale (TCC)",
      "line3": "App."
    },
    
    "crash_course": {
      "line1": "Questo è un",
      "emphasis1": "corso intensivo",
      "line2": "di TCC e",
      "emphasis2": "non un'alternativa",
      "line3": "ad un professionista specializzato."
    },
    "mood_thoughts": {
      "line1": "Primo:",
      "emphasis1": "i tuoi pensieri influenzano il tuo stato d'animo."
    },
    "thoughts_arent_thoughts": {
      "line1": "Secondo: i tuoi pensieri possono essere",
      "emphasis1": "automatici."
    },
    "your_distorted": {
      "line1": "Terzo: i pensieri automatici sono spesso",
      "emphasis1": "distorti."
    },
    "cbt_overview": {
      "line1": "L'obbiettivo della TCC è riconoscere le proprie",
      "emphasis1": "distorsioni dei pensieri",
      "line2": "e",
      "emphasis2": "rimpiazzarli",
      "line3": "con pensieri razionali."
    },
    "ready": {
      "emphasis1": "Pronto?",
      "line1": "Facciamo i primi passi."
    },
    "catch": {
      "line1": "1. Inizieremo",
      "emphasis1": "scrivendo",
      "line2": "i pensieri automatici nell'instante in cui ci vengono in mente."
    },
    "bad_thought_note": {
      "line1": "Annota il pensiero:",
      "line2": "Ho perso la festa di Giorgio, quindi lui mi odia."
    },
    "identify_distortions": {
      "line1": "Cerca le",
      "emphasis1": "Distorsioni del pensiero"
    },
    "bad_distortions": {
      "line1": "Sappiamo con certezza che Giorgio ci odia? Se non possiamo esserne certi vuol dire che stiamo cercando di",
      "emphasis1": "🧠 Leggere la mente altrui",
      "line2": "Ho perso la festa di Giorgio, quindi lui mi odia."
    },
    "challenge_screen": {
      "line1": "3. Perché questo pensiero non era realistico?",
      "emphasis1": "Sfatalo."
    },
    "write_challenge": {
      "line1": "Scriveremo qualcosa del tipo:"
    },
    "alt_thought": {
      "line1": "4. Infine, scriveremo un",
      "emphasis1": "pensiero alternativo."
    },
    "show_off": {
      "line1": "Scoprilo più tardi:"
    },
    "got_it": {
      "line1": "Tutto pronto",
      "btn_title": "Andiamo!"
    }
  },
  
  "auto_thought": "Pensiero Automatico",
  "cog_distortion": " Seleziona la Distorsione Cognitiva",
  "challenge": "Sfida il pensiero",
  "alt_thought": "Scrivi un Pensiero Alternativo",
  "cbt_list": {
    "header": ".FreeCBT"
  },
  "settings": {
    "header": "FreeCBT*"
  },
  "cbt_form": {
    "edit": "Modifica",
    "new": "Nuovo",
    "save": "Salva",
    "auto_thought_placeholder": "Esempio: l'aereo potrebbe precipitare ",
    "cog_distortion": "Distorsione Cognitiva",
    "challenged": "Sfida",
    "changed_placeholder": "le probabilità di incidente aereo sono molto basse",
    "alt_thought_placeholder": "Cosa dovremmo pensare invece?"
  },
    "explanation_screen": {
    "header": "FreeCBT."
  },
  "finished_screen": {
    "header": "FreeCBT"
  },
  
  
  "all_or_nothing_thinking": "Pensiero in \"Tutto o Niente\" o \"Nero o Bianco\"",
  "all_or_nothing_thinking_explanation": "Questa distorsione si presenta quanto non pensiamo ad una via di mezzo. Se pensiamo che una nostra piccola colpa ci renda irreparabilmente marci o terribili, stiamo pensando escusivament in \"tutto Bianco o Nero\".",
  "all_or_nothing_thinking_thought": "Il colloquio di lavoro è andato male... nessuno mi assumerà mai!.",
  "catastrophizing": "Catastrofizzare",
  "catastrophizing_explanation": "Se parlando di piccoli problemi li gonfiamo aumentandone le proporzioni... stiamo catastrofizzando. Hai commesso un piccolo errore al lavoro e temi che qualcuno lo scopra, nonostante non si tratti di qualcosa di serio? Probabilmente stai catastrofizzando.",
  "catastrophizing_thought": "Mi sento nervoso, probabilmente avrò un attacco di cuore.",
  "emotional_reasoning": "Ragionamento Emotivo",
  "emotional_reasoning_explanation_1": "\"Me lo sento, quindi dev'essere vero\". Se ti trovi nella situazione di giustificare il \"pericolo\" di qualcosa di innocuo solo perché ti spaventa, probabilmente stai ragionando in maniera emotiva. Le cose non sono pericolose perché le temiamo e noi non siamo terribili solo perché pensiamo di esserlo.",
  "emotional_reasoning_explanation_2": "Questo tipo di pensiero spesso è difficile da riconoscere. Ci vuole un certo sforzo per capire quando la tua parte emotiva sta prendendo il sopravvento su quella logica.",
  "emotional_reasoning_thought": "Mi sento colpevole, quindi devo aver fatto qualcosa di terribile.",
  "fortune_telling": "Divinazione",
  "fortune_telling_explanation": "Questa distorsione si verifica quando proviamo a predirre il futuro. Spesso sovrastimiamo le nostre capacità di predirre gli avvenimenti futuri. Spesso ci preoccupiamo che qualcosa di brutto potrebbe accaderci e quindi iniziamo a cercare segni che ci predicono tale avvenimento.",
  "fortune_telling_thought": "L'aereo che sto per prendere si schianterà.",
  "labeling": "Etichettare",
  "labeling_explanation": "Se isoliamo una caratteristica di una persona e l'applichiamo alla persona intera, la stiamo etichettando. Se qualcuno ci ha tagliato la strada, non dev'essere necessariamente un \"cretino\". Forse andava solo di fretta. Questo vale anche per noi stessi: solo perché commettiamo un errore, non significa che siamo un \"fallimento\".",
  "labeling_thought": "Sono stato bocciato all'esame, quindi sono un cattivo studente.",
  "magnification_of_the_negative": "Ingrandimento del Negativo",
  "magnification_of_the_negative_explanation": "Se stai giudicando una situazione basandoti interamente su lati negativi, senza considerare le parti positive, stai gonfiando la negatività della situazione. Se continui a demoralizzarti per aver rovinato un colloquio di lavoro, probabilmente non stai pensando a tutto ciò che hai imparato da quell'esperienza.",
  "magnification_of_the_negative_thought": "Ho mangiato sano questa settimana, ma non sono andato a correre.",
  "mind_reading": "Lettura della mente",
  "mind_reading_explanation": "Se siamo preoccupati di cosa gli altri pensano di noi, stiamo tentando di leggere la loro mente. A meno che non ci dicano cosa stanno pensando, non abbiamo modo di saperlo... quindi perché pensare al peggio?",
  "mind_reading_thought": "Penso di essere stato scortese con Giorgio... scommetto che mi odia.",
  "minimization_of_the_positive": "Minimizzazione del Positivo",
  "minimization_of_the_positive_explanation": "Se minimizziamo le cose buone che ci stanno accadendo, stiamo riducendo la positività della situazione. Anche se la nostra giornata non è andata al 100% come previsto, non significa che il 60% che è andato bene debba essere ignorato.",
  "minimization_of_the_positive_thought": "A molte persone è piaciuta la mia presentazione, ma ho avuto difficoltà durante l'introduzione. La mia presentazione è andata male.",
  "other_blaming": "Incolpare gli altri",
  "other_blaming_explanation_1": "Se una brutta situazione è stata interamente causata da qulcuno, stiamo accusando gli altri. Se hai fallito un esame e incolpi l'insegnante, stai indirizzando le tue energie nella direzione sbagliata. Qualcuno ti ha tagliato la strada? Suonare il clacson, accendere gli abbaglianti, urlare, fare gestacci; come può aiutarti tutto ciò?",
  "other_blaming_explanation_2": "Questo non significa che devi incolpare te stesso per ogni situazione negativa. Non devi incolpare nessuno. Nessuno c'è nessuno da incolpare se si lascia semplicemente passare la situazione.",
  "other_blaming_thought": "Questo idiota sta bloccando tutta la coda! Arriverò in ritardo!",
  "over_generalization": "Generalizzazione",
  "over_generalization_explanation": "Se traiamo conclusioni basandoci solo su un esempio, stiamo generalizzando. Se una presentazione è andata male e pensi di essere una persona inutile, stai generalizzando.",
  "over_generalization_thought": "Nessuno mi ha invitato a ballare, quindi nessuno lo farà mai.",
  "self_blaming": "Incolpare se stessi",
  "self_blaming_explanation": "Se ti attribuisci la colpa di una situazione negativa, ti stai stai assumendo tutta la colpa. Non ti devi considerare l'unico responsabile di ogni avvenimento negativo. Sei imbottigliato nel traffico e ti incolpi di non essere partito prima? Ti stai incolpando da solo. Tratteresti qualcun'altro allo stesso modo?",
  "self_blaming_thought": "Mio figlio va male a scuola... sono un pessimo genitore.",
  "should_statements": "\"Dovresti\"",
  "should_statements_explanation_1": "Se stai assegnando delle abilità a persone che non le hanno, stai usando affermazioni difettose. Per esempio, se prendi l'aereo e pensi: \"Non dovrei avere paura di volare, non c'è nulla di sbagliato con questo aereo!\", stai attribuendo un peso enorme sulla question. Hai soltanto paura di volare! il chè è normale",
  "should_statements_explanation_2": "I pensieri del tipo \"Dovrei o Non Dovrei\" sembrano non avere senso quando li si dice ad alta voce... e non lo hanno! Non sono logici! ",
  "should_statements_thought": "Sono un adulto, non dovrei avere questi problemi mentali.",
  "accessibility": {
    "help_button": "aiuto",
    "list_button": "lista dei pensieri",
    "new_thought_button": "nuovo pensiero",
    "settings_button": "configurazione",
    "delete_thought_button": "cancella pensiero",
    "close_button": "chiudi"
  },
  "payment": {
    "ios_explanation": "Il pagamento sarà effettuato tramite il tuo profilo Apple alla conferma di acquisto. L'abbonamento si rinnoverà automaticamente a meno che non si cancelli entro 24 ore dal rinnovo. Puoi cancellare l'abbonamento andando sull' App Store nella zona della configuarazione del tuo profilo account dopo l'acquisto."
  },
  "reminder_notification": {
    "1": {
      "title": "Quando succede qualcosa che ti dà fastidio, scrivila.",
      "body": "Non ignorare i tuoi pensieri, lavoraci il prima possibile."
    },
    "2": {
      "title": "Se hai dei problemi, FreeCBT potrebbe essere di aiuto.",
      "body": "Datti un moment adesso per sfidare lacuni dei tuoi pensieri che ti danno fastidio."
    },
    "intro": {
      "title": "Se hai dei problemi, FreeCBT potrebbe essere di aiuto.",
      "body": "Riceverai un ricordo del genere una volta al giorno."
    }
  },
  "all_or_nothing_thinking_one_liner": "esempio: \"Quella cosa era un grandissimo spreco del mio tempo\"",
  "overgeneralization_one_liner": "esempio: \"Tutto e tutti mi deluderanno\"",
  "mind_reading_one_liner": "esempio: \"Scommeto che mi odia\"",
  "fortune_telling_one_liner": "esempio: \"Staro' male alla festa\"",
  "magnification_of_the_negative_one_liner": "Concentrarsi solo su quello che è andato storto",
  "minimization_of_the_positive_one_liner": "Ignorare le cose positive che sono successe",
  "catastrophizing_one_liner": "Concentrasi sulla cosa peggiore che potrebbe accadere",
  "emotional_reasoning_one_liner": "esempio: \"Sono spaventato, mi verrà un attacco di panico\"",
  "should_statements_one_liner": "esempio: \" Dovrei aver fatto di meglio\"",
  "labeling_one_liner": "esempio: \"è un cretino\"",
  "self_blaming_one_liner": "Darti tutta la colpa",
  "other_blaming_one_liner": "Dare la colpa tutta a qualcun altro"
}
