{
  "onboarding_screen": {
    "auto_thought_ex": "Me esqueci da festa do Jorge! Ele deve me odiar.",
    "challenge_ex": "O Jorge sabe que não consigo ir a todas as festas. Eu não o odiaria caso se esquecesse da minha. Tenho que me considerar tão bem quanto considero os outros.",
    "alt_thought_ex": "É verdade que me esqueci da festa do Jorge mas posso pedir desculpa e ele compreenderá.",
    "cog_distortion": { "label": "Leitura da mente", "slug": "leitura-mente" },
    "intro": {
      "line1": "Bem vindo ao",
      "emphasis1": "FreeCBT",
      "line2": ", uma",
      "emphasis2": "app",
      "line3": " de Terapia Cognitivo Comportamental (TCC)."
    },
    "crash_course": {
      "line1": "Isto é um",
      "emphasis1": "curso rápido",
      "line2": "de TCC e ",
      "emphasis2": "não uma alternativa",
      "line3": "a um terapeuta."
    },
    "mood_thoughts": {
      "line1": "Primeiro:",
      "emphasis1": "Os seus pensamentos causam as suas emoções."
    },
    "thoughts_arent_thoughts": {
      "line1": "Segundo: Os seus pensamentos podem ser",
      "emphasis1": "automáticos."
    },
    "your_distorted": {
      "line1": "Terceiro: Pensamentos automáticos estão frequentemente",
      "emphasis1": "distorcidos."
    },
    "cbt_overview": {
      "line1": "O objetivo de TCC é reconhecer os",
      "emphasis1": "pensamentos distorcidos",
      "line2": "e",
      "emphasis2": "substituí-los",
      "line3": "por pensamentos racionais."
    },
    "ready": {
      "emphasis1": "Pronto?",
      "line1": "Vamos passo-a-passo."
    },
    "catch": {
      "line1": "1. Vamos começar por",
      "emphasis1": "escrever",
      "line2": "os pensamentos automáticos assim que acontecerem."
    },
    "bad_thought_note": {
      "line1": "Repare o pensamento:",
      "line2": "Me esqueci da festa do Jorge. Ele deve me odiar."
    },
    "identify_distortions": {
      "line1": "Procure por",
      "emphasis1": "distorções cognitivas"
    },
    "bad_distortions": {
      "line1": "Sabemos mesmo se o Jorge vai nos odiar? Se não, estamos fazendo",
      "emphasis1": "leitura da mente.",
      "line2": "Me esqueci da festa do Jorge. Ele deve me odiar."
    },
    "challenge_screen": {
      "line1": "3. Por que este pensamento não é realista?",
      "emphasis1": "Desafie-o."
    },
    "write_challenge": {
      "line1": "Vamos escrever algo do tipo:"
    },
    "alt_thought": {
      "line1": "4. Finalmente, vamos escrever um",
      "emphasis1": "pensamento alternativo."
    },
    "show_off": {
      "line1": "Encontrar mais tarde:"
    },
    "got_it": {
      "line1": "E é basicamente isto.",
      "btn_title": "Bora lá!"
    }
  },
  "auto_thought": "Pensamento automático",
  "cog_distortion": "Distorção cognitiva",
  "challenge": "Desafie-o",
  "alt_thought": "Pensamento alternativo",
  "cbt_form": {
    "edit": "Editar",
    "new": "Novo",
    "save": "Salvar",
    "auto_thought_placeholder": "O que está acontencendo?",
    "cog_distortion": "Distorção cognitiva",
    "challenged": "Desafie-o",
    "changed_placeholder": "Debate o pensamento!",
    "alt_thought_placeholder": "O que devemos pensar alternativamente?"
  },
  "all_or_nothing_thinking": "Pensamento Dicotômico",
  "all_or_nothing_thinking_explanation": "Consiste na valorização de um acontecimento sem ter em conta possíveis aspectos ou resultados intermediários. Se pensarmos que uma pequena falha nossa significa que estamos fundamentalmente arruinados, então estamos provavelmente praticando pensamento dicotômico.",
  "all_or_nothing_thinking_thought": "Falhei na entrevista, certamente não sou empregável",
  "catastrophizing": "Catastrofização",
  "catastrophizing_explanation": "Se estamos considerarando um pequeno problema e a aumentando drasticamente o seu significado, então estamos a catastrofizar. Se você cometeu um pequeno erro no trabalho e teme que alguém o descubra, mesmo não sendo nada de grave? Provavelmente você está catastrofizando.",
  "catastrophizing_thought": "Estou agitado, devo estar tendo um ataque cardíaco",
  "emotional_reasoning": "Raciocínio Emocional",
  "emotional_reasoning_explanation_1": "\"Eu me sinto desta forma, portanto sou assim.\" Se estiver justificando o \"perigo\" de algo inofensivo usando o medo como argumento, então provavelmente está usando raciocínio emocional. As coisas não são periogosas porque temos medo delas e também não somos más pessoas só por pensarmos ser.",
  "emotional_reasoning_explanation_2": "Este é difícil de reconhecer. É necessário algum trabalho para reconhecer que a emoção está dominando o raciocínio lógico.",
  "emotional_reasoning_thought": "Me Sinto culpado, logo devo ter feito algo de errado.",
  "fortune_telling": "Predição do Futuro",
  "fortune_telling_explanation": "Esta distorção ocorre quando prevemos o futuro. Muitas vezes superestimamos as nossas capacidades de prever o que vai acontecer. Frequentemente nos preocupamos com algo que pode acontecer e procuramos evidências que suportem isso.",
  "fortune_telling_thought": "O avião que estou embarcando vai sofrer um acidente.",
  "labeling": "Rotulagem",
  "labeling_explanation": "Se considerarmos uma característica de alguém e reduzirmos a pessoa a essa característica, então estamos rotulando. Se alguém nos desdenhou, não são necessariamente idiotas. Podem estar apenas com pressa. Isto é, também, aplicável a nós mesmos; Cometer um erro não implica que somos uma \"falha\".",
  "labeling_thought": "Falhei num teste, portanto sou um estudante ruim.",
  "magnification_of_the_negative": "Maximização do Negativo",
  "magnification_of_the_negative_explanation": "Se você consideras apenas os aspectos negativos para avaliar uma situação e não considera os aspectos positivos, então provavelmente está aplicando a distorção de maximização do negativo. Se você está constantemente se julgando por ter falhado numa entrevista de emprego, então está filtrando todas as experiências positivas que você ganhou dessa entrevista.",
  "magnification_of_the_negative_thought": "Tive uma dieta saudável esta semana, mas não fiz exercício físico.",
  "mind_reading": "Leitura da Mente",
  "mind_reading_explanation": "Se estamos preocupados com o que outras pessoas pensam sobre nós, então estamos tentando fazer uma leitura da mente. A menos que alguém nos diga exatamente o que estão pensando, não há forma de saber. Por que assumir o pior?",
  "mind_reading_thought": "Acho que fui desagradável com o Jorge, aposto que ele me odeia.",
  "minimization_of_the_positive": "Minimização do Positivo",
  "minimization_of_the_positive_explanation": "Se minimizarmos as coisas positivas que nos acontecem, estamos aplicando a distorção da minimização do positivo. Mesmo que o dia não tenha sido 100% da forma que desejávamos, não significa que os 60% que foram bem devam ser ignorados.",
  "minimization_of_the_positive_thought": "Muitas pessoas gostaram da minha apresentação, mas na introdução gaguejei um bocado, portanto apresentei mal.",
  "other_blaming": "Culpar os outros",
  "other_blaming_explanation_1": "Se estamos culpando alguém por uma situação ruim, então estamos aplicando a distorção de culpar os outros. Se você falhou um exame e está culpando o professor, então está dirigindo a sua energia para o local errado. Alguém se colocou na sua frente na auto-estrada? Buzinar, xingar e ficar zangado não ajuda com a situação.",
  "other_blaming_explanation_2": "Isto não quer dizer que deveria culpar a si próprio por todas as situações negativas. Você não tem que culpar ninguém. Ninguém tem de ser culpado se não atribuir a culpa às situações e as deixar passar.",
  "other_blaming_thought": "Aquele idiota está demorarando muito tempo na fila. Assim vou chegar tarde!",
  "over_generalization": "Generalização",
  "over_generalization_explanation": "Se tiramos conclusões com apenas um exemplo, estamos generalizando. Se você teve uma falha numa apresentação e assume que isso significa que você é mal em apresentações, então está generalizando.",
  "over_generalization_thought": "Ninguém me chamou para dançar, o que significa que nunca ninguém me vai chamar.",
  "self_blaming": "Personalização",
  "self_blaming_explanation": "Se atribui a totalidade de uma situação negativa como sua culpa, então está aplicando a distorção da personalização. Você não precisa ser responsável por todos os aspectos negativos que acontecem. Se você está preso no trânsito e começa a se culpar por não ter saído de casa mais cedo, está personalizando. Você trataria outros desta mesma forma?",
  "self_blaming_thought": "O meu filho está indo mal na escola, certamente a culpa é minha.",
  "should_statements": "Deveria fazer isso…",
  "should_statements_explanation_1": "Se você está atribuindo alguém a capacidades que elas não têm, você está aplicando a distorção do \"deveria ser assim\". Por exemplo, se você tiver medo de voar e tentar se convencer que \"Não deveria ter medo de voar, não há nada de errado com o avião\", está aplicando muita pressão sobre você mesmo. É normal para alguém que tenha medo de voar ter medo de voar!",
  "should_statements_explanation_2": "Afirmações como \"deveria ser assim\" podem soar absurdas quando ditas em voz alta. É esse o ponto; são ilógicas!",
  "should_statements_thought": "Sou um adulto, não deveria ter estes problemas mentais.",
  "accessibility": {
    "help_button": "Ajuda",
    "list_button": "Listagem de pensamentos",
    "new_thought_button": "Novo pensamento",
    "settings_button": "Definições",
    "delete_thought_button": "Apagar pensamento"
  }
}
