{
  "onboarding_screen": {
    "readme": "В первую очередь, прочитайте это.",
    "header": "Руководство по FreeCBT",
    "block1": {
      "header": "FreeCBT требует практики",
      "body": "Но если вы освоите FreeCBT вы будете чувствовать себя гораздо лучше."
    },
    "block2": {
      "header": "Используйте FreeCBT в моменте.",
      "body": "Когда вы чувствуете тревогу, гнев или грусть, используйте FreeCBT."
    },
    "auto_thought_ex": "Я пропустил вечернику Егора, должно быть, теперь он меня ненавидит.",
    "challenge_ex": "Егор знает, что я бываю занят, и я бы не ненавидел его за отмену планов со мной.\n\nМне стоит относиться к себе хотя бы так же хорошо, как я отношусь к другим.",
    "alt_thought_ex": "Я пропустил вечеринку Егора, но я могу за это извиниться и он скорее всего простит меня.",
    "cog_distortion": {
      "label": "Чтение мыслей",
      "slug": "чтение-мыслей"
    },
    "intro": {
      "line1": "Добро пожаловать в",
      "emphasis1": "FreeCBT",
      "line2": ", приложение для",
      "emphasis2": "Когнитивно поведенческой терапии",
      "line3": "(КПТ)."
    },
    "crash_course": {
      "line1": "Это",
      "emphasis1": "краткий курс",
      "line2": "по КПТ и",
      "emphasis2": "не является заменой",
      "line3": "консультации квалифицированного специалиста."
    },
    "mood_thoughts": {
      "line1": "Во-первых:",
      "emphasis1": "ваши мысли влияют на ваше настроение."
    },
    "thoughts_arent_thoughts": {
      "line1": "Во-вторых: ваши мысли могут быть",
      "emphasis1": "автоматическими."
    },
    "your_distorted": {
      "line1": "В-третьих: автоматические часто бывают",
      "emphasis1": "искаженными."
    },
    "cbt_overview": {
      "line1": "Цель КПТ — распознать",
      "emphasis1": "искаженные мысли",
      "line2": "и",
      "emphasis2": "заменить их",
      "line3": "рациональными."
    },
    "ready": {
      "emphasis1": "Готовы?",
      "line1": "Давайте пройдём всё шаг за шагом."
    },
    "catch": {
      "line1": "Мы начнём с",
      "emphasis1": "простой записи",
      "line2": "автоматических мыслей, когда они случаются."
    },
    "bad_thought_note": {
      "line1": "Обратите внимание на мысль:",
      "line2": "Я пропустил вечернику Егора, должно быть, теперь он меня ненавидит."
    },
    "identify_distortions": {
      "line1": "Найдите",
      "emphasis1": "Когнитивные искажения"
    },
    "bad_distortions": {
      "line1": "Знаем ли мы наверняка, что Егор ненавидит нас? Если нет, то мы",
      "emphasis1": "🧠 Читаем мысли",
      "line2": "Я пропустил вечернику Егора, должно быть, теперь он меня ненавидит."
    },
    "challenge_screen": {
      "line1": "Почему эта мысль не рациональна?",
      "emphasis1": "Оспорьте её."
    },
    "write_challenge": {
      "line1": "Напишем что-то вроде этого:"
    },
    "alt_thought": {
      "line1": "Наконец, мы напишем",
      "emphasis1": "альтернативную мысль."
    },
    "show_off": {
      "line1": "Вы можете найти это позже:"
    },
    "got_it": {
      "line1": "Готово!",
      "btn_title": "Давайте начнём!"
    },
    "reminders": {
      "header": "Если хотите, мы можем присылать вам напоминания.",
      "disabled": "Вы можете управлять напоминаниями в окне настроек.",
      "button": {
        "yes": "Да!",
        "no": "Продолжить без напоминаний",
        "continue": "Продолжить"
      }
    }
  },
  "auto_thought": "Автоматическая мысль",
  "cog_distortion": "Когнитивные искажения.",
  "challenge": "Оспорьте эту мысль.",
  "alt_thought": "Альтернативная мысль.",
  "alt_thought_description": "Это не испытание, а способ закрепить альтернативную мысль.",
  "cbt_list": {
    "header": ".FreeCBT",
    "today": "Сегодня",
    "empty": "Мыслей пока нет!"
  },
  "settings": {
    "header": "FreeCBT*",
    "reminders": {
      "header": "*напоминания",
      "description": "Если хотите, вы можете включить напоминания, которые помогут вам выработать привычку оспаривать искаженные мысли.",
      "button": {
        "yes": "Напомните мне, пожалуйста",
        "no": "Не нужно, спасибо"
      }
    },
    "pincode": {
      "header": "*пинкод замок 🔒",
      "description": "Вы можете защитить приложение пинкодом. Обратите внимание, если вы забудете код, сборсить его можно будет, только стерев все данные, постарайтесь его не забыть.",
      "button": {
        "update": "Обновить пинкод",
        "clear": "Стереть пинкод",
        "set": "Установить пинкод"
      }
    },
    "history": {
      "header": "*обозначение кнопок в истории",
      "description": "По умолчанию, кнопки на странице истории используют Альтернативные мысли. Это помогает закрепить мысль как \"изменённую.\"",
      "button": {
        "alternative": "Альтернативная мысль",
        "automatic": "Автоматическая мысль"
      }
    },
    "backup": {
      "header": "*резервное копирование",
      "button": "Резервное копирование ваших данных FreeCBT",
      "export-button": "Экспортировать данные FreeCBT"
    },
    "locale": {
      "header": "*язык",
      "default": "Язык системы",
      "contribute": "Помогите перевести FreeCBT",
      "// list": "translator note: use each language's native translation here; don't translate this list in other file. initial list based on https://en.wikipedia.org/wiki/List_of_ISO_639-1_codes",
      "list": {
        "de": "Deutsch",
        "en": "English",
        "es": "Español",
        "fi": "Suomi",
        "fr": "Français",
        "hi": "हिंदी",
        "it": "Italiano",
        "ko": "한국어",
        "nb": "Norsk Bokmål",
        "nl": "Nederlands",
        "pl": "język polski",
        "pt-BR": "Português do Brasil",
        "pt-PT": "Português",
        "ro": "Română",
        "ru": "Русский",
        "sv": "Svenska",
        "zh-Hans": "中文",
        "fa": "فارسی",
        "_test": ")tset( hsilgnE-esreveR"
      }
    },
    "privacy": "Политика конфиденциальности",
    "terms": "Пользовательское соглашение"
  },
  "cbt_form": {
    "header": "FreeCBT",
    "edit": "Изменить",
    "new": "Новое",
    "save": "Сохранить",
    "submit": "Сохранить и закончить",
    "auto_thought_placeholder": "прим: 'Самолёт может упасть'",
    "cog_distortion": "Когнитивное искажение",
    "challenged": "Оспорить",
    "changed_placeholder": "Скорее всего это неверно, так как...",
    "alt_thought_placeholder": "Что нам стоит думать вместо этого?",
    "show_details": "Показать подробные описания"
  },
  "explanation_screen": {
    "header": "FreeCBT.",
    "intro": "Введение"
  },
  "finished_screen": {
    "header": "FreeCBT"
  },
  "all_or_nothing_thinking": "Всё или ничего",
  "all_or_nothing_thinking_explanation": "Это искажение случается, когда мы не оставляем места на копромисс. Если маленький недостаток в нас приводит к мысли о том, что мы фундаментально испорчены или ужасны, мы скорее всего мыслим в рамках всё или ничего.",
  "all_or_nothing_thinking_thought": "Я провалил собеседование, меня никогда и нигде не наймут.",
  "catastrophizing": "Катастрафизация",
  "catastrophizing_explanation": "Если мы думаем о небольших проблемах и раздуваем их - мы катастрофизируем. Вы совершили небольшую ошибку на работе и ужасно боитесь, что кто-то заметит? Скорее всего, вы катастрафизируете.",
  "catastrophizing_thought": "Я немного дрожу, возможно у меня сердечный приступ.",
  "emotional_reasoning": "Эмоциональное обоснование",
  "emotional_reasoning_explanation_1": "\"Я так чувствую, значит это правда.\" Если вы оправдываете \"опасность\" чего-то незначительного из-за своего страха, вы скорее всего занимаетесь эмоциональным обоснованием. Вещи опасны не потому, что мы боимся их и мы не ужасны просто потому, что считаем себя такими.",
  "emotional_reasoning_explanation_2": "Это искажение тяжело опознать. Нужно постараться, чтобы думать рационально, когда ваши эмоции берут над вами контроль.",
  "emotional_reasoning_thought": "Я чувствую себя виноватым, значит я виноват.",
  "fortune_telling": "Предсказание будущего",
  "fortune_telling_explanation": "Это искажение случается, когда мы загадываем будущее. Мы переоцениваем свою способность предугадывать события. И часто, волнуясь о том, что что-то может произойти, ищем доказательства этого во всём.",
  "fortune_telling_thought": "Самолёт, на котором я лечу, упадёт.",
  "labeling": "Навешивание ярлыков",
  "labeling_explanation": "Если мы берём одну характеристику человека и обобщаем ею всё о нём, мы навешиваем ярлык. Если человек пихнул нас, он не обязательно \"придурок,\" возможно, он просто торопится. Это относится и к нам самим; просто совершив ошибку, мы не становимся \"провалом.\"",
  "labeling_thought": "Я провалил экзамен, значит я ужасный студент.",
  "magnification_of_the_negative": "Негативный фильтр",
  "magnification_of_the_negative_explanation": "Если в какой-то ситуации вы видите только негатив, и игнорируете любой позитив, вы применяете негативный фильтр. Если вы постоянно ругаете себя за неудачное собеседование, вы, вероятно, фильтруете весь важный опыт, который вы получили.",
  "magnification_of_the_negative_thought": "Я ел полезную еду на этой неделе, но я попустил пробежку.",
  "mind_reading": "Чтение мыслей",
  "mind_reading_explanation": "Если мы волнуемся о том, что о нас думают - мы пытаемся читать мысли. Пока человек сам не скажет вам, что о вас думает, у вас нет никакой возможности это узнать. Тогда зачем представлять худший вариант?",
  "mind_reading_thought": "Я думаю, я был груб с Егором, теперь он меня точно ненавидит.",
  "minimization_of_the_positive": "Обесценивание позитива",
  "minimization_of_the_positive_explanation": "Если мы преуменьшаем всё хорошее в нашей жизни - мы обесцениаем позитив. Даже если наш день прошел не на 100% как планировалось, не означает, что 60% успеха стоит игнорировать.",
  "minimization_of_the_positive_thought": "Многим людям понравилась моё выступление, но я запнулся в начале, так что всё было плохо.",
  "other_blaming": "Обвинение других",
  "other_blaming_explanation_1": "Если в плохой ситуации обязательно виноват другой человек, мы занимаемся обвинением других. Обвиняя своего учителя в своей плохой оценке, вы направляете свою энергию в плохое русло. Кто-то подрезал вас на шоссе? Вы начинаете сигналить, посылать их и злитесь, но какой с этого толк? Теперь вы и подрезаны и в бешенстве!",
  "other_blaming_explanation_2": "Это не означает, что вы должны винить себя в любой негативной ситуации. Вы не должны винить никого. Гораздо проще отпустить ситуацию, чем искать виноватых.",
  "other_blaming_thought": "Этот придурок задерживает всю очередь, из-за него я опоздаю!",
  "over_generalization": "Сверхобобщение",
  "over_generalization_explanation": "Если мы делаем выводы, основываясь на одном событии - мы сверхобобщаем. Если вы провалили выступление и решаете, что \"неспособны\" выступать в принципе, вы сверхобобщаете.",
  "over_generalization_thought": "Никто не пригласил меня на танец, значит меня никогда не пригласят.",
  "self_blaming": "Персонализация",
  "self_blaming_explanation": "Если вы берёте всю ответственность за плохую ситуацию на себя, вы персонализируете. Вы не виноваты во всём плохом, что случается с вами. Если оказавшись в пробке вы ругаете себя за то, что не вышли раньше, вы персонализируете. Разве вы бы винили кого-то ещё за тоже самое?",
  "self_blaming_thought": "Мой сын плохо учится, значит я ужасная мать.",
  "should_statements": "Долженствование",
  "should_statements_explanation_1": "Если вы приписываете человеку способности, которых у него нет, вы используете \"долженствование\". Например, вы боитесь летать, но говорите себе: \"Я не должен боятся самолётов, в них нет ничего опасного!\" вы требуете от себя слишком много. Вы боитесь летать! Боятся летать - нормально для людей со страхом летать!",
  "should_statements_explanation_2": "Долженствование кажется незначительным в моменте; но в этом и проблема! Оно не рационально!",
  "should_statements_thought": "Я взрослый, у меня не должно быть психологических проблем.",
  "accessibility": {
    "help_button": "помощь",
    "list_button": "список мыслей",
    "new_thought_button": "новая мысль",
    "settings_button": "настройки",
    "delete_thought_button": "удалить мысль",
    "close_button": "закрыть"
  },
  "payment": {
    "ios_explanation": "Payment will be charged to your Apple ID account at the confirmation of purchase. The subscription automatically renews unless it is canceled at least 24 hours before the end of the current period. Your account will be charged for renewal within 24 hours prior to the end of the current period. You can manage and cancel your subscriptions by going to your App Store account settings after purchase."
  },
  "reminder_notification": {
    "1": {
      "title": "Если что-то произошло - запишите это.",
      "body": "Не давайте сыоим мыслям засидеться, проработайте их как можно скорее."
    },
    "2": {
      "title": "Если у вас трудности, FreeCBT может помочь.",
      "body": "Уделите время на оспаривание своих мыслей"
    },
    "intro": {
      "title": "Если у вас трудности, FreeCBT может помочь.",
      "body": "Вы будете получать такие напоминания раз в день"
    }
  },
  "all_or_nothing_thinking_one_liner": "прим: \"Это была полная трата времени\"",
  "overgeneralization_one_liner": "прим: \"Все меня подведут\"",
  "mind_reading_one_liner": "прим: \"Он меня точно ненавидит\"",
  "fortune_telling_one_liner": "прим: \"Мне станет плохо на вечеринке\"",
  "magnification_of_the_negative_one_liner": "Фокусирование только на плохом",
  "minimization_of_the_positive_one_liner": "Игнорирование всего хорошего",
  "catastrophizing_one_liner": "Фокусирование на худшем возможном исходе",
  "emotional_reasoning_one_liner": "прим: \"Я встревожен, должно быть, у меня паническая атака\"",
  "should_statements_one_liner": "прим: \"Я должен был справится лучше\"",
  "labeling_one_liner": "прим: \"Он придурок\"",
  "self_blaming_one_liner": "Возложение всей вины на самого себя",
  "other_blaming_one_liner": "Возложение всей вины на других",
  "backup_screen": {
    "header": "FreeCBT<-",
    "export": {
      "description": "Чтобы сохранить резервную копию данных FreeCBT, \"отправьте\" её в надежное место, например себе на почту. Позже, вы сможете восстановить свои данные. С помощью этого файла можно прочитать все ваши данные, будте осторожны!",
      "clipboard": {
        "button": "Экспортируйте ваши данные FreeCBT в буфер обмена",
        "success": "Скопировано в буфер обмена!"
      },
      "file": {
        "button": "Эскопортируйте данные FreeCBT в файл",
        "success": "Скопированно в файл!"
      },
      "share": {
        "button": "Экспортируйте и поделитесь данными FreeCBT"
      }
    },
    "import": {
      "description": "Восстановление резервного файла сотрёт все данные FreeCBT и заменит их на данные из резервного файла, возможно сначала стоит сделать резервный файл.",
      "clipboard": {
        "button": "Импортируйте данные FreeCBT из буфера обмена",
        "failure": "Импорт данных не удался. Вы уверены что это резервный текст FreeCBT?"
      },
      "file": {
        "button": "Импортируйте ваши данные FreeCBT",
        "failure": "Импорт данных не удался. Вы уверены, что это резервный файл FreeCBT?"
      },
      "noop": "Импорт данных успешен - но ничего не изменилось! Вам стоит сохранить ваш резервный файл, и вставить его сюда, если приложение потеряет ваши данные.",
      "success": "Импорт данных успешен!"
    }
  },
  "export_screen": {
    "header": "FreeCBT->",
    "description": "Посмотрите ваши FreeCBT данные в других форматах. Вы не сможете загрузить их обратно в FreeCBT позже.",
    "markdown": {
      "button": "Экспортировать текстовым файлом"
    },
    "csv": {
      "button": "Экспортировать как CSV"
    },
    "json": {
      "button": "Экспортировать как JSON"
    }
  }
}
